{
  "project_info": {
    "project_number": "332154874678",
    "firebase_url": "https://chatapp-8329a.firebaseio.com",
    "project_id": "chatapp-8329a",
    "storage_bucket": "chatapp-8329a.appspot.com"
  },
  "client": [
    {
      "client_info": {
        "mobilesdk_app_id": "1:332154874678:android:453074ca69c479d3032197",
        "android_client_info": {
          "package_name": "com.example.chatapp"
        }
      },
      "oauth_client": [
        {
          "client_id": "332154874678-tlpeclicv87uvh27ahhjf5jolk2cro8l.apps.googleusercontent.com",
          "client_type": 1,
          "android_info": {
            "package_name": "com.example.chatapp",
            "certificate_hash": "f30da5dcfd76a2d4879df0ba8b9b7089c796489f"
          }
        },
        {
          "client_id": "332154874678-8bst8a9hsgcqlvdk7f4cnrd69sl3g56u.apps.googleusercontent.com",
          "client_type": 3
        }
      ],
      "api_key": [
        {
          "current_key": "AIzaSyB-TjpJ0-9LHvpugcFzNgVKFqpT2KI9zfU"
        }
      ],
      "services": {
        "appinvite_service": {
          "other_platform_oauth_client": [
            {
              "client_id": "332154874678-8bst8a9hsgcqlvdk7f4cnrd69sl3g56u.apps.googleusercontent.com",
              "client_type": 3
            }
          ]
        }
      }
    }
  ],
  "configuration_version": "1"
}